userId,Password
1,Hello123
2,Hello124
3,Hello125
4,Hello126
5,Hello127
6,Hello128
7,Hello129
8,Hello130
9,Hello131
10,Hello132
11,Hello133
12,Hello134
13,Hello135
14,Hello136
15,Hello137
16,Hello138
17,Hello139
18,Hello140
19,Hello141
20,Hello142
21,Hello143
22,Hello144
23,Hello145
24,Hello146
25,Hello147
26,Hello148
27,Hello149
28,Hello150
29,Hello151
30,Hello152
31,Hello153
32,Hello154
33,Hello155
34,Hello156
35,Hello157
36,Hello158
37,Hello159
38,Hello160
39,Hello161
40,Hello162
41,Hello163
42,Hello164
43,Hello165
44,Hello166
45,Hello167
46,Hello168
47,Hello169
48,Hello170
49,Hello171
50,Hello172
51,Hello173
52,Hello174
53,Hello175
54,Hello176
55,Hello177
56,Hello178
57,Hello179
58,Hello180
59,Hello181
60,Hello182
61,Hello183
62,Hello184
63,Hello185
64,Hello186
65,Hello187
66,Hello188
67,Hello189
68,Hello190
69,Hello191
70,Hello192
71,Hello193
72,Hello194
73,Hello195
74,Hello196
75,Hello197
76,Hello198
77,Hello199
78,Hello200
79,Hello201
80,Hello202
81,Hello203
82,Hello204
83,Hello205
84,Hello206
85,Hello207
86,Hello208
87,Hello209
88,Hello210
89,Hello211
90,Hello212
91,Hello213
92,Hello214
93,Hello215
94,Hello216
95,Hello217
96,Hello218
97,Hello219
98,Hello220
99,Hello221
100,Hello222
101,Hello223
102,Hello224
103,Hello225
104,Hello226
105,Hello227
106,Hello228
107,Hello229
108,Hello230
109,Hello231
110,Hello232
111,Hello233
112,Hello234
113,Hello235
114,Hello236
115,Hello237
116,Hello238
117,Hello239
118,Hello240
119,Hello241
120,Hello242
121,Hello243
122,Hello244
123,Hello245
124,Hello246
125,Hello247
126,Hello248
127,Hello249
128,Hello250
129,Hello251
130,Hello252
131,Hello253
132,Hello254
133,Hello255
134,Hello256
135,Hello257
136,Hello258
137,Hello259
138,Hello260
139,Hello261
140,Hello262
141,Hello263
142,Hello264
143,Hello265
144,Hello266
145,Hello267
146,Hello268
147,Hello269
148,Hello270
149,Hello271
150,Hello272
151,Hello273
152,Hello274
153,Hello275
154,Hello276
155,Hello277
156,Hello278
157,Hello279
158,Hello280
159,Hello281
160,Hello282
161,Hello283
162,Hello284
163,Hello285
164,Hello286
165,Hello287
166,Hello288
167,Hello289
168,Hello290
169,Hello291
170,Hello292
171,Hello293
172,Hello294
173,Hello295
174,Hello296
175,Hello297
176,Hello298
177,Hello299
178,Hello300
179,Hello301
180,Hello302
181,Hello303
182,Hello304
183,Hello305
184,Hello306
185,Hello307
186,Hello308
187,Hello309
188,Hello310
189,Hello311
190,Hello312
191,Hello313
192,Hello314
193,Hello315
194,Hello316
195,Hello317
196,Hello318
197,Hello319
198,Hello320
199,Hello321
200,Hello322
201,Hello323
202,Hello324
203,Hello325
204,Hello326
205,Hello327
206,Hello328
207,Hello329
208,Hello330
209,Hello331
210,Hello332
211,Hello333
212,Hello334
213,Hello335
214,Hello336
215,Hello337
216,Hello338
217,Hello339
218,Hello340
219,Hello341
220,Hello342
221,Hello343
222,Hello344
223,Hello345
224,Hello346
225,Hello347
226,Hello348
227,Hello349
228,Hello350
229,Hello351
230,Hello352
231,Hello353
232,Hello354
233,Hello355
234,Hello356
235,Hello357
236,Hello358
237,Hello359
238,Hello360
239,Hello361
240,Hello362
241,Hello363
242,Hello364
243,Hello365
244,Hello366
245,Hello367
246,Hello368
247,Hello369
248,Hello370
249,Hello371
250,Hello372
251,Hello373
252,Hello374
253,Hello375
254,Hello376
255,Hello377
256,Hello378
257,Hello379
258,Hello380
259,Hello381
260,Hello382
261,Hello383
262,Hello384
263,Hello385
264,Hello386
265,Hello387
266,Hello388
267,Hello389
268,Hello390
269,Hello391
270,Hello392
271,Hello393
272,Hello394
273,Hello395
274,Hello396
275,Hello397
276,Hello398
277,Hello399
278,Hello400
279,Hello401
280,Hello402
281,Hello403
282,Hello404
283,Hello405
284,Hello406
285,Hello407
286,Hello408
287,Hello409
288,Hello410
289,Hello411
290,Hello412
291,Hello413
292,Hello414
293,Hello415
294,Hello416
295,Hello417
296,Hello418
297,Hello419
298,Hello420
299,Hello421
300,Hello422
301,Hello423
302,Hello424
303,Hello425
304,Hello426
305,Hello427
306,Hello428
307,Hello429
308,Hello430
309,Hello431
310,Hello432
311,Hello433
312,Hello434
313,Hello435
314,Hello436
315,Hello437
316,Hello438
317,Hello439
318,Hello440
319,Hello441
320,Hello442
321,Hello443
322,Hello444
323,Hello445
324,Hello446
325,Hello447
326,Hello448
327,Hello449
328,Hello450
329,Hello451
330,Hello452
331,Hello453
332,Hello454
333,Hello455
334,Hello456
335,Hello457
336,Hello458
337,Hello459
338,Hello460
339,Hello461
340,Hello462
341,Hello463
342,Hello464
343,Hello465
344,Hello466
345,Hello467
346,Hello468
347,Hello469
348,Hello470
349,Hello471
350,Hello472
351,Hello473
352,Hello474
353,Hello475
354,Hello476
355,Hello477
356,Hello478
357,Hello479
358,Hello480
359,Hello481
360,Hello482
361,Hello483
362,Hello484
363,Hello485
364,Hello486
365,Hello487
366,Hello488
367,Hello489
368,Hello490
369,Hello491
370,Hello492
371,Hello493
372,Hello494
373,Hello495
374,Hello496
375,Hello497
376,Hello498
377,Hello499
378,Hello500
379,Hello501
380,Hello502
381,Hello503
382,Hello504
383,Hello505
384,Hello506
385,Hello507
386,Hello508
387,Hello509
388,Hello510
389,Hello511
390,Hello512
391,Hello513
392,Hello514
393,Hello515
394,Hello516
395,Hello517
396,Hello518
397,Hello519
398,Hello520
399,Hello521
400,Hello522
401,Hello523
402,Hello524
403,Hello525
404,Hello526
405,Hello527
406,Hello528
407,Hello529
408,Hello530
409,Hello531
410,Hello532
411,Hello533
412,Hello534
413,Hello535
414,Hello536
415,Hello537
416,Hello538
417,Hello539
418,Hello540
419,Hello541
420,Hello542
421,Hello543
422,Hello544
423,Hello545
424,Hello546
425,Hello547
426,Hello548
427,Hello549
428,Hello550
429,Hello551
430,Hello552
431,Hello553
432,Hello554
433,Hello555
434,Hello556
435,Hello557
436,Hello558
437,Hello559
438,Hello560
439,Hello561
440,Hello562
441,Hello563
442,Hello564
443,Hello565
444,Hello566
445,Hello567
446,Hello568
447,Hello569
448,Hello570
449,Hello571
450,Hello572
451,Hello573
452,Hello574
453,Hello575
454,Hello576
455,Hello577
456,Hello578
457,Hello579
458,Hello580
459,Hello581
460,Hello582
461,Hello583
462,Hello584
463,Hello585
464,Hello586
465,Hello587
466,Hello588
467,Hello589
468,Hello590
469,Hello591
470,Hello592
471,Hello593
472,Hello594
473,Hello595
474,Hello596
475,Hello597
476,Hello598
477,Hello599
478,Hello600
479,Hello601
480,Hello602
481,Hello603
482,Hello604
483,Hello605
484,Hello606
485,Hello607
486,Hello608
487,Hello609
488,Hello610
489,Hello611
490,Hello612
491,Hello613
492,Hello614
493,Hello615
494,Hello616
495,Hello617
496,Hello618
497,Hello619
498,Hello620
499,Hello621
500,Hello622
501,Hello623
502,Hello624
503,Hello625
504,Hello626
505,Hello627
506,Hello628
507,Hello629
508,Hello630
509,Hello631
510,Hello632
511,Hello633
512,Hello634
513,Hello635
514,Hello636
515,Hello637
516,Hello638
517,Hello639
518,Hello640
519,Hello641
520,Hello642
521,Hello643
522,Hello644
523,Hello645
524,Hello646
525,Hello647
526,Hello648
527,Hello649
528,Hello650
529,Hello651
530,Hello652
531,Hello653
532,Hello654
533,Hello655
534,Hello656
535,Hello657
536,Hello658
537,Hello659
538,Hello660
539,Hello661
540,Hello662
541,Hello663
542,Hello664
543,Hello665
544,Hello666
545,Hello667
546,Hello668
547,Hello669
548,Hello670
549,Hello671
550,Hello672
551,Hello673
552,Hello674
553,Hello675
554,Hello676
555,Hello677
556,Hello678
557,Hello679
558,Hello680
559,Hello681
560,Hello682
561,Hello683
562,Hello684
563,Hello685
564,Hello686
565,Hello687
566,Hello688
567,Hello689
568,Hello690
569,Hello691
570,Hello692
571,Hello693
572,Hello694
573,Hello695
574,Hello696
575,Hello697
576,Hello698
577,Hello699
578,Hello700
579,Hello701
580,Hello702
581,Hello703
582,Hello704
583,Hello705
584,Hello706
585,Hello707
586,Hello708
587,Hello709
588,Hello710
589,Hello711
590,Hello712
591,Hello713
592,Hello714
593,Hello715
594,Hello716
595,Hello717
596,Hello718
597,Hello719
598,Hello720
599,Hello721
600,Hello722
601,Hello723
602,Hello724
603,Hello725
604,Hello726
605,Hello727
606,Hello728
607,Hello729
608,Hello730
609,Hello731
610,Hello732